Repository	Reason	Notes
https://github.com/0k0le/Arduino-LCD-Library	Sketch	
https://github.com/1n5aN1aC/HouseESP	Not a library	
https://github.com/221robotics/RobotOpen-Sasquatch-Library	Hardware package	
https://github.com/246overclocked/RoverArduino	Collection of library copies	
https://github.com/2fatdotco/sxsw2016-arduinoLampLibraries	Collection of library copies	
https://github.com/2splat/arduino-TLC59116	Problematic	Has some makefile system for generating the library that causes the script to detect spurious bugs
https://github.com/8-DK/ESP32_IDF_MFRC522_RFID	Not an Arduino library	
https://github.com/a-chapman/ArduinoOTA	Not a library	
https://github.com/a71cip/Arduino-TestLedLibrary	Low quality	
https://github.com/aasimmerchant05/ADS1248_Library_Arduino	Sketch	
https://github.com/abhaysbharadwaj/RFID-RC522	Sketch	
https://github.com/acamilo/good-display-eink-library	Low quality	
https://github.com/achase90/thesisArduinoLibs	Collection of library copies	
https://github.com/AdamM18/Arduino-Data-Logging	Sketch	
https://github.com/aemills77/WS2812-LED-fade	Sketch	
https://github.com/aferodeveloper/afLib2	Problematic	Has some "internal repo" where the development work is hidden away so it's too much of a hassle to try to contribute: https://github.com/aferodeveloper/afLib2/pull/2
https://github.com/ahmadabd/myString	Low quality	
https://github.com/AJoao/embeddedlibs	Collection of library copies	
https://github.com/albertchen408/ArduinoEscControl	Not a library	
https://github.com/alessandro1105/MRF24WB0MA_WiFiShield_Arduino_Library	Not a library	
https://github.com/AlexanderPCafa/refactored-computing-machine	Sketch	
https://github.com/AlexisTM/LightBus-Arduino	Low quality	
https://github.com/alexnette/VariableSpeedServo	Not an Arduino library	Particle library
https://github.com/ALoecken/LEDCountdown	Sketch	
https://github.com/alotaiba/AccelStepperSpark	Not an Arduino library	Particle library spamming the arduino GitHub topic
https://github.com/alotaiba/HT1635B	Not an Arduino library	Particle library
https://github.com/alotaiba/LED_GFX	Not an Arduino library	Particle library
https://github.com/alotaiba/PCA9534	Not an Arduino library	Particle library
https://github.com/alvarosaburido/yun-sensor-mote	Sketch	
https://github.com/alvieboy/arduino-serpro	Low quality	
https://github.com/AM2H-Development/AM2H-Arduino	Sketchbook	
https://github.com/amalmathewtech/Capacitive-_Touch-_Keyboard	Sketch	
https://github.com/amalmathewtech/Touch-Enabled-on-off-light	Sketch	
https://github.com/amperka/dht	Problematic	Structured for use with ino
https://github.com/AndFroSwe/MPU9250-RPi	Not an Arduino library	
https://github.com/AndreasBur/MaxMatrix	Low quality	
https://github.com/andrebahiense/PolyphonicPiano	Not a library	
https://github.com/AndrewFromMelbourne/intervalometer	Sketch	
https://github.com/AndruePeters/etally-counter	Sketch	
https://github.com/anil-gangwani/4-devices-with-led-alexa	Sketch	
https://github.com/anisimovsergey/gluino	Problematic	Uses a makefile system that causes the script to detect spurious bugs
https://github.com/anjgola/aws-iot-device-sdk-cpp-arduino-create	Copy	https://github.com/anjgola/aws-iot-device-sdk-cpp-arduino-create/pull/1#issuecomment-405134698
https://github.com/anobin/ERAU_Secon2011	Sketch	
https://github.com/AphexIce/salamander-arduino	Collection of library copies	
https://github.com/ArduCAM/ArduCAM_ESP8266_UNO	Hardware package	
https://github.com/Arduinobymyself/ElectronicDoorLock	Sketch	
https://github.com/ardypro/lwSimpleHTTPClient	Low quality	
https://github.com/areusch/libAVR	Not an Arduino library	
https://github.com/arkadiuszneuman/ArduinoLibrary	Collection of library copies	
https://github.com/armerala/SpaceInvadersClone	Sketch	
https://github.com/ArminJo/Arduino-Touch-GUI	Not an Arduino library	
https://github.com/Arthom/MAX6675-Library	Not an Arduino library	
https://github.com/ArthurMLago/Arduino-Async-Dynamixel	Sketch	
https://github.com/arvindb/RemoteRelay	Not a library	
https://github.com/AryaDevops/Working-with-XBee-Arduino-Library	Sketch	
https://github.com/Aschen/arduino_realtime_library	Low quality	
https://github.com/asease1/P5ArduinoCode	Not a library	
https://github.com/ashandinusha/rfid_checking	Sketch	
https://github.com/astups/libCommUsb	Not an Arduino library	
https://github.com/athulvijayan6/pic-arduino	Not an Arduino library	
https://github.com/automaticdai/gd2-lib	Problematic	Has some release script that causes the script to detect spurious bugs
https://github.com/AwesomeController/bluez-arduino	Not an Arduino library	
https://github.com/AwesomeController/wiiuse-arduino	Not an Arduino library	
https://github.com/awwdang/Capacitive_touch	Sketch	
https://github.com/AyeEmWhy/Rhythm_Game	Sketch	
https://github.com/ayushsharma82/EasyUI	Unmaintained	
https://github.com/Azostar/Dino-Run	Sketch	
https://github.com/babychick/Arduino-library	Collection of library copies	
https://github.com/BackupGGCode/arms22	Sketchbook	
https://github.com/badarineo/LTC6904	Sketch	
https://github.com/bahoho/64x128-Oled-arduino	Sketch	
https://github.com/basarane/kemper-arduino-library	Collection of library copies	
https://github.com/BayCEER/BayEOS-Arduino	Hardware package	
https://github.com/BCLab-UNM/Swarmathon-Arduino	Collection of library copies	
https://github.com/beadone/STM32-nRF24L01_dht21_TX	Sketch	
https://github.com/bengchet/ESP32-FreeRTOS-with-Arduino	Not a library	
https://github.com/benjaminmakowsky/S.P.A.R.K.I	Sketch	
https://github.com/bertmelis/Ticker-esp32	Unmaintained	Deprecated library: https://github.com/bertmelis/Ticker-esp32/commit/e52b748fea0ac24f8551eccd31b5c5ac57ba6b28
https://github.com/bertrik/loratest	Sketch	
https://github.com/beyondscreen/fivetwelve-driver-arduino-serial	Not an Arduino library	
https://github.com/bfreeumd/cdclfish	Sketch	
https://github.com/bhockle/k3ng_keyer_w_LCD2004	Sketch	
https://github.com/bigjosh/Move32-blinks-lib	Unmaintained	Obsolete
https://github.com/bigmacd/spark-plotly	Not an Arduino library	Particle library
https://github.com/biomood/LuaSerial	Not an Arduino library	
https://github.com/BirdBrainTechnologies/BirdBrain-Arduino-Libraries	Hardware package	
https://github.com/BirdBrainTechnologies/HummingbirdArdublockInstaller	Not an Arduino library	
https://github.com/Bisotronic/archiduino_1.8.5	Not a library	
https://github.com/bittailor/ArduinoLibrary	Not an Arduino library	
https://github.com/blackhack/ArduLibraries	Collection of library copies	
https://github.com/BlazigatorBros/OpBox	Low quality	
https://github.com/blecentral/arduinohidfix	Not a library	
https://github.com/BonitaTerror/ArduinoFastLEDExamples	Sketch	
https://github.com/boolangery/Arduino-Web-Server-Library	Unmaintained	Abandoned: https://github.com/boolangery/Arduino-Web-Server-Library/pull/1#issuecomment-420532057
https://github.com/botofancalin/M5Stack-MultiApp-Advanced	Not a library	
https://github.com/bouraqadi/ArduinoMisc	Sketch	
https://github.com/Boustrophedonic/Arduino	Not a library	Empty repo
https://github.com/brianc118/Team-PI-Lib	Collection of library copies	
https://github.com/bsilvr/RF433ArduinoFirmware	Sketch	
https://github.com/budja/lots-o-duino	Sketchbook	
https://github.com/BugerDread/esp8266-ezTIME-wifi-clock	Sketch	
https://github.com/burner-/ESPRelayThermostat	Sketch	
https://github.com/BZbyr/Arduino-1.0.5-Library	Collection of library copies	
https://github.com/cajomferro/arduino-uno-cmake-library	Not an Arduino library	
https://github.com/cbrake/bec-arduino	Sketch	
https://github.com/chamithchathuka/Arduino-ESP8266-WiFiSecureClient-POST-Request	Sketch	
https://github.com/chanakaFitUom/LattePanda-Firmata-library	Not a library	
https://github.com/charliebruce/calcuclock-sw	Not a library	
https://github.com/chatchard47/arduino-lib	Sketch	
https://github.com/chenmingzhang/pyduino	Not a library	
https://github.com/cheon7886/ArduinoBox	Hardware package	
https://github.com/choncba/arduinolib	Collection of library copies	
https://github.com/chris03/rfm69-to-wifi	Not a library	
https://github.com/ChrisIossa/Embedded-Systems-Arduino-Libraries	Collection of library copies	
https://github.com/chrisivens/BiColorLED	Unmaintained	Unfinished: https://github.com/chrisivens/BiColorLED/pull/1#issuecomment-410621101
https://github.com/ChrisKar96/Arduino-Joystick-Controller-for-Stepper-Motors	Sketch	
https://github.com/chrisstubbs93/ESP8266	Low quality	
https://github.com/cleberjamaral/ArduinoRTCawake	Sketch	
https://github.com/cmagagna/ArduinoCC3000	Unmaintained	Abandoned
https://github.com/cmenscher/arduino_activity_notifier	Sketch	
https://github.com/Cmorling/arduino-tic-tac-toe	Not a library	
https://github.com/codebendercc/arduino-library-files	Collection of library copies	
https://github.com/codebndr/arduino-library-files	Not a library	
https://github.com/codebndr/Ariadne-Bootloader	Unmaintained	Active repository is now at https://github.com/loathingKernel/ariadne-bootloader
https://github.com/codebndr/sketchFinder	Not a library	
https://github.com/CodeMe-io/SenseMe-Arduino-extension	Hardware package	
https://github.com/Coding-Badly/arduino-tiny	Unmaintained	
https://github.com/compose-eu/COMPOSE_client_libraries	Sketch	
https://github.com/Create2Learn/Arduino-examples-based-on-capacitive-touch	Sketch	
https://github.com/cregini/Arduino-Cayenne-Serial-MQTT	Sketch	
https://github.com/croningp/Arduino-CommandTools	Collection of library copies	
https://github.com/crushedice2000/2080-controller	Not a library	
https://github.com/Cryocrat/LeonardoJoystick	Not a library	
https://github.com/cswhisper/BlinkRTOS	Not a library	
https://github.com/cyberponk/Arduino-Library-for-Proteus	Not a library	
https://github.com/cyberstackover/datalogger-arduino	Sketch	
https://github.com/cyphunk/RS232enum	Sketch	
https://github.com/dagarott/Lora_arduino_tx_mqtt_radiohead	Sketch	
https://github.com/damadmai/studio_6_arduino_100_template	Not a library	
https://github.com/damadmai/studio_6_arduino_150_template	Not a library	
https://github.com/damadmai/studio_6_arduino_160_template	Not a library	
https://github.com/damancusonqn/Arduino-Bridge-Lib	Low quality	
https://github.com/danpetry/Arduino_FreeRTOS_CppStdLib	Not an Arduino library	
https://github.com/darklazy/mwLib	Not a library	It only contains a bare minimum sketch in a .cpp file
https://github.com/davidlangster/arduino.lib	Not an Arduino library	
https://github.com/davikawasaki/nrf24l01-data-transmission	Sketch	
https://github.com/dbu/arduino-led-globe	Sketch	
https://github.com/deividsoncs/PHP_WEBTEMP_CALIXTO	Sketch	
https://github.com/deprecatum/Arduino_NRF24	Sketch	
https://github.com/derfloDev/mysensors	Sketchbook	
https://github.com/DevelHub/NVIDIA-JETSON-ROBOT-INTRODUCTION-TO-ROBOTICS	Sketch	
https://github.com/devinalex64/MAX32620FTHR_charger_fuelgauge_demo	Sketch	
https://github.com/DgFutureLab/satoyama-libs	Collection of library copies	
https://github.com/Djangotks/CAN	Sketch	
https://github.com/dkappo/intro-arduino	Sketch	
https://github.com/dmainmon/Arduino-TFT-Touch-Screen-Analog-Graphing	Sketch	
https://github.com/dmainmon/myNumberPad	Sketch	
https://github.com/Dom-Wr/Ard2Pi_Comm	Not an Arduino library	
https://github.com/donquixote2u/CapSenseTest	Sketch	
https://github.com/douglaskataki/arduino_code	Sketch	
https://github.com/DrumPants/Sensorizer-DrumPants-Firmware	Sketch	
https://github.com/dsalzman/HD44780-decoder	Sketch	
https://github.com/dulajsan/I2C	Sketch	
https://github.com/DuncanCragg/Onix	Not a library	
https://github.com/e-lab-tecnico-ulisboa-pt/rec-arduino	Sketch	
https://github.com/E-partZ/Adruino-IRreceiver	Sketch	
https://github.com/eadf/esp8266_pid	Not an Arduino library	
https://github.com/Earlz/make-wiring	Not a library	
https://github.com/EarToEarOak/ESP8266-Monitor	Sketch	
https://github.com/edaptible/ArduinoLibrary	Collection of library copies	
https://github.com/EdDibbs/TestPDQ	Sketch	
https://github.com/edlau/ArduinoSnippets	Low quality	
https://github.com/Edragon/esp8266_arduino	Collection of library copies	
https://github.com/ehalferty/arduino-timerone	Copy	
https://github.com/ehkom/IRremote_STM32	Not an Arduino library	
https://github.com/eike-welk/arduino_odometer	Sketch	
https://github.com/el10t/Ultrathin_LED_Matrix_Photon	Not an Arduino library	Particle library
https://github.com/EleksMaker/EleksGame	Collection of library copies	
https://github.com/Elijas/arduino-motor-control-library	Low quality	
https://github.com/ElusiveTau/Library-Arduino	Collection of library copies	
https://github.com/EmDash00/ServoLib	Not an Arduino library	
https://github.com/emrtech/Arduino_Resources	Not an Arduino library	
https://github.com/eni23/serial-term	Not an Arduino library	
https://github.com/EnviroDIY/Libraries	Collection of library copies	
https://github.com/ericherman/pure-c-arduino	Not a library	
https://github.com/ericponce/spark-roboclaw	Not an Arduino library	Particle library
https://github.com/eridgraves/APM_Nokia_5110	Sketch	
https://github.com/erniejunior/Thingspeak-GSM-Datalogger-for-Arduino	Sketch	
https://github.com/eron93br/opendsp	Sketch	
https://github.com/Estenoor/ArduinoModules	Sketchbook	
https://github.com/eyal-lezmy/peak-detector	Problematic	Uses a makefile system that causes the script to detect spurious bugs
https://github.com/ezefranca/FSK-Arduino-iOS	Not a library	
https://github.com/f-masche/nano-control	Sketch	
https://github.com/FabioBatSilva/ArduinoFake	Not a library	
https://github.com/fabo3011/EagleX_TeensyTcp	Sketch	
https://github.com/Ferengee/arduino-test-setup	Not an Arduino library	
https://github.com/flok99/arduino-kiss	Sketch	
https://github.com/flomerz/IUHomeController	Not a library	
https://github.com/flori/socket_switcher	Not an Arduino library	
https://github.com/FortySevenEffects/monosynth	Not a library	
https://github.com/Fractal40/Libraries	Collection of library copies	
https://github.com/fredericaltorres/fArduino	Low quality	
https://github.com/FricoRico/ArduinoBlinds	Sketch	
https://github.com/Gabriellavoura/Mqtt-and-Sim800-900	Sketch	
https://github.com/Gadgetoid/Arduino-DueVGA-Tools	Not an Arduino library	
https://github.com/GadgetRenesas/peach_sketch	Not an Arduino library	
https://github.com/gallegojm/Arduino-Ethernet-W5200	Not a library	
https://github.com/ganymean/Dragino-LoraMiniDev-MPU6050-DMP-Arduino-Library	Unmaintained	Unfinished and inactive
https://github.com/garethnisbet/T-BOTS	Sketch	
https://github.com/gcweeks/Arduino-Time	Collection of library copies	
https://github.com/GEKONavsat/Kyneo2 	Hardware package	
https://github.com/GenYuanLIU/ArduinoLCD-library	Not an Arduino library	
https://github.com/gjyoung1974/ClockDemo	Sketch	
https://github.com/globalcitizen/MCP23S17	Unmaintained	Abandoned: https://github.com/globalcitizen/MCP23S17/pull/1#issuecomment-497626965
https://github.com/graduit/esp8266	Sketch	
https://github.com/granadaxronos/Arduino_Libraries_1.0.1	Collection of library copies	
https://github.com/grappendorf/arduino-framework	Not a library	
https://github.com/Graynomad/LARD	Not an Arduino library	
https://github.com/GregoryNikolaishvili/libraries	Collection of library copies	
https://github.com/gryzli133/RollerShutter_class_object_Arduino_MEGA_NRF24_x4	Sketch	
https://github.com/gryzli133/RollerShutter_MySensors_Nano_Serial_Gateway	Sketch	
https://github.com/gryzli133/Switch_MySensors_Mega_Serial_Gateway	Sketch	
https://github.com/GSimas/InoThings	Sketchbook	
https://github.com/hackables-cc/SensorTreeArduinoExamples	Sketch	
https://github.com/HaiqiangXu/Arduino-all-projects	Collection of library copies	
https://github.com/halbrd/Hexalib	Low quality	
https://github.com/hankgong/avrduinolibs	Not a library	
https://github.com/harmsm/PyCmdMessenger	Not a library	
https://github.com/harrybraviner/WS2812B_control	Not a library	
https://github.com/hassanrasheedk/footybot	Sketch	
https://github.com/hauschil/Arduino-Libraries-and-Tools	Collection of library copies	
https://github.com/Helektrika/BlueControl	Sketch	
https://github.com/HenningBertsch/arduino-i2c-display	Sketch	
https://github.com/hesterbergnl/Arduino_LCD	Sketch	
https://github.com/hexmaster111/ArduinoLibsBackup	Collection of library copies	
https://github.com/hideakitai/MsgPacketizer	Not an Arduino library	Only compatible with PlatformIO and no indication of a desire to add Arduino IDE support
https://github.com/horken7/advanced-line-follower	Sketch	
https://github.com/https://github.com/co3moz/arduinoLab	Low quality	
https://github.com/https://github.com/iarks/KnockBlock	Sketch	
https://github.com/https://github.com/joshcerrilight/aLibs	Unmaintained	Deprecated: https://github.com/joshcerrilight/aLibs/pull/1#pullrequestreview-238121485
https://github.com/hunandy14/BT_ATC	Not a library	
https://github.com/hutorny/download	Low quality	
https://github.com/hvos234/raspberrypi.home.arduino	Collection of library copies	
https://github.com/IamfromSpace/arrd	Problematic	Uses a makefile system that causes the script to detect spurious bugs
https://github.com/ian-llewellyn/HC-SR04-sensor-library	Not an Arduino library	
https://github.com/ianfixes/arduino_ci	Not an Arduino library	
https://github.com/idioterne/Arduino-Library-Assignment	Low quality	
https://github.com/idskot/BL2-HC-MGMT	Sketch	
https://github.com/ikeyasu/arduino-std-lib	Not an Arduino library	
https://github.com/ikillemdead247/Arduino-Library-and-Code-Files	Collection of library copies	
https://github.com/ImagineXYZ/libraries	Collection of library copies	
https://github.com/imrehorvath/ArduinoIR	Low quality	
https://github.com/Inder95/buzz_wires	Sketch	
https://github.com/IndustrialShields/arduino-IndustrialShields	Unmaintained	Deprecated: https://github.com/IndustrialShields/arduino-IndustrialShields/pull/1#issuecomment-417215687
https://github.com/Infineon/InfineonDoxyGenerator	Not a library	
https://github.com/inventorworld-IN/IoTBasedWaterMonitoringAndControllingSystem	Sketch	
https://github.com/IonoaX/ArduinoInteractiveBear	Sketch	
https://github.com/iotool/Arduino-IDE-Object-Library	Not a library	
https://github.com/iplayfast/FuzzyBuilder	Not a library	
https://github.com/itead/ITEADLIB_Arduino_ESP8266	Unmaintained	Discarded
https://github.com/IvanKelber/ArduinoLooper	Sketch	
https://github.com/jacks808/arduino-ide-1.5.2	Not a library	
https://github.com/jakerabid/WiFiManager	Unmaintained	Abandoned: https://github.com/jakerabid/WiFiManager/pull/1#issuecomment-498435278
https://github.com/jankosso/ILI9225_AVR	Not an Arduino library	
https://github.com/JanThar/ADXL362	Not an Arduino library	Particle library
https://github.com/jasonmasters3000/arduino_core-	Not a library	
https://github.com/jayman555/LibrarysForArduinoProject	Collection of library copies	
https://github.com/jbinkleyj/Arduino_101	Collection of library copies	
https://github.com/JChristensen/mighty-1284p	Unmaintained	
https://github.com/JChristensen/Timer	Unmaintained	
https://github.com/jcontradiction/teensy-stickless-fightstick	Sketch	Claims to be a library but it turns out it's just a sketch bundled with a copy of a library.
https://github.com/jec0317/Final_Hand_Project	Not an Arduino library	
https://github.com/jefflieu/recon	Not a library	
https://github.com/JeffreyZksun/easyrobot	Not a library	
https://github.com/Jeremy-Intan/ClawGame	Sketch	
https://github.com/JeremySCook/ArduinoEncoder	Sketch	
https://github.com/jeroendoggen/Arduino-ms1-barcode-scanner-library	Low quality	
https://github.com/jessemillar/arduino-mirror	Collection of library copies	
https://github.com/Jewelbots/arduino-library	Hardware package	
https://github.com/JGuzak/MidiControllers	Sketch	
https://github.com/jhajonkman/SSD1306	Low quality	
https://github.com/JhonControl/Arduino-Display-Oled-I2c-U8glib-	Sketch	
https://github.com/jideshv/LoopWaiter	Not an Arduino library	Particle library
https://github.com/jindrabasek/ArduinoCoreLibMods	Low quality	
https://github.com/jiripech/MPU9150Lib	Unmaintained	Abandoned
https://github.com/jklein131/OpenUPS_Arduino	Sketch	
https://github.com/jnsat/lock	Not a library	
https://github.com/joaquimBS/ArduinoRepo	Sketchbook	
https://github.com/joebarteam/mav2gopro	Sketch	
https://github.com/joede/arduino-lite	Low quality	
https://github.com/johngraham1979/Arduino-NTP	Sketch	
https://github.com/JohnMatthrew/Arduino-Library	Not a library	
https://github.com/jonathanrjpereira/TWIST	Unmaintained	Not accepting contributions: https://github.com/jonathanrjpereira/TWIST/blob/master/README.md
https://github.com/jonnieZG/SDCardRecorder	Not a library	
https://github.com/JonWoodlief/BlackBox-V2-Arduino	Sketch	
https://github.com/JordanFan860406/Library-Arduino	Sketch	
https://github.com/jordibinefa/arduino-IDE-libraries	Collection of library copies	
https://github.com/jotaemesousa/Libs_arduino	Collection of library copies	
https://github.com/joynchou/arduinoAssistant	Not a library	
https://github.com/jrgdre/LIDAR-Lite2	Not a library	
https://github.com/jschelke/ArduinoLibrarySync	Collection of library copies	
https://github.com/jscrane/Interrupted	Problematic	Uses a makefile system that causes the script to detect spurious bugs
https://github.com/JSitter/arduino_weather_station	Sketch	
https://github.com/jtriemstra/Arduino-Core	Not an Arduino library	
https://github.com/jzkmath/Arduino-MIDI-Stepper-Motor-Instrument	Sketch	
https://github.com/kaandrews/ArduinoStepper	Not an Arduino library	
https://github.com/kanflo/eor-adafruit-ili9341	Not a library	
https://github.com/KanKai/LibraryArduinoIDE	Collection of library copies	
https://github.com/karlqui/QuadCopter_V2	Sketch	
https://github.com/kazkansouh/lean-arduino	Not an Arduino library	
https://github.com/kdima001/arduino-library	Collection of library copies	
https://github.com/kehribar/proper-tiny-arduino	Not an Arduino library	
https://github.com/kentoids/DCSerialControl	Sketch	
https://github.com/kevindoveton/True-Bypass-Switcher	Sketch	
https://github.com/kj415j45/kjArduino	Unmaintained	Abandoned: https://github.com/kj415j45/kjArduino/pull/11
https://github.com/kota65535/stlport-arduino	Not an Arduino library	
https://github.com/Krabby127/ArduinoMotor	Low quality	
https://github.com/Kritsanawipankhet/Arduino-MQTT	Sketch	
https://github.com/krystlih/platformio-esp8266-ota-neopixel	Not an Arduino library	
https://github.com/KrzysztofRak/RGB-Cube	Sketch	
https://github.com/krzysztofszymanski/sandboxduino	Sketchbook	
https://github.com/ksp-controller/KSP-ArduinoSerialLibrary/tree/master/src	Not an Arduino library	
https://github.com/kunal15595/quadlib	Collection of library copies	
https://github.com/langelgjm/barcode-library	Sketch	
https://github.com/lapilipinas/Arduino-progressBAR-OLEDandRotaryEncoder	Sketch	
https://github.com/lbernstone/arduino-esp32-solo	Not an Arduino library	
https://github.com/lebomb44/ardulibs	Collection of library copies	
https://github.com/Lecostarius/overlay	Sketch	?
https://github.com/Lembed/Awesome-arduino	Not a library	
https://github.com/leo3linbeck/SparkWebSocket	Not an Arduino library	Particle library
https://github.com/LeoDJ/M590	Unmaintained	Development paused: https://github.com/LeoDJ/M590/blob/master/README.md
https://github.com/Leon47819/Arduino-Library-for-Maxim-Integrated-DS3232-and-DS3231-Real-Time-Clocks	Copy	
https://github.com/ligaderoboticaieeeufba/PolyphonicPiano	Not a library	
https://github.com/ligaderoboticaieeeufba/SegueTrilha	Collection of library copies	
https://github.com/LilArveen/Library-Sound-Sensor-Code	Sketch	
https://github.com/Lorganisation/ovsr-arduino	Unmaintained	Low quality and abandoned: https://github.com/Lorganisation/ovsr-arduino/pull/1#issuecomment-416535058
https://github.com/lowhnn/sul_arduino_workshop_2019-03-28	Not a library	
https://github.com/lpasqualis/ArduLibraries	Collection of library copies	
https://github.com/lpodkalicki/attiny85	Not an Arduino library	
https://github.com/lucafaccin/esp-pn532	Not an Arduino library	
https://github.com/lucascarci/Adafruit-Accelerometer-MMA8451	Not a library	
https://github.com/lukakerr/arduino-scripts	Sketchbook	
https://github.com/lukaszbudnik/scorcher	Not an Arduino library	
https://github.com/luthramanisha/Twitter-mood-light-on-arduino-with-wifi-shield-and-temboo-library	Sketch	
https://github.com/Machtap/SmartAudiov2	Sketch	
https://github.com/madsci1016/Sparkfun-MP3-Player-Shield-Arduino-Library	Unmaintained	Deprecated
https://github.com/mahula11/SmartHouse_libs	Collection of library copies	
https://github.com/makerlabmx/altair-arduinoide	Hardware package	
https://github.com/malhaide/Arduino-CPB	Collection of library copies	
https://github.com/manashmndl/NumCpp	Not an Arduino library	
https://github.com/manashmndl/SerialPort	Not an Arduino library	
https://github.com/ManchesterSpaceProgramme/MSP-arduino	Low quality	
https://github.com/manGoweb/BLEDataTransfer	Not a library	
https://github.com/maniacbug/mighty-1284p/	Unmaintained	
https://github.com/MarcellMo/SimFly	Not a library	
https://github.com/MarcFinns/AtmoScan	Sketch	
https://github.com/marcopiraccini/ArduinoWebCommand	Unmaintained	Abandoned in non-functional state
https://github.com/marcteys/Uduino	Not a library	
https://github.com/MarioLizanaC/tempLogger	Sketch	
https://github.com/MariwanJ/StepperMotorArduinoL298N	Sketch	
https://github.com/marsater/libTemplate	Low quality	
https://github.com/Marthin-/MySecureSensors	Not a library	
https://github.com/marthinwurer/minimal_arduino_cmake	Not an Arduino library	
https://github.com/martinbarnard/arduino_simplemodbus	Not a library	
https://github.com/martinbogo/i2-battery-diagnostics	Sketch	
https://github.com/MasterSch/Arduino-Leonardo-Webserver-LED	Sketch	
https://github.com/MasterSch/Arduino-Leonardo-WifiESP-Webserver	Sketch	
https://github.com/MathieuAuclair/ArduinoTest	Sketchbook	
https://github.com/MatteoRagni/ArduinoYun-x86_64-OpenWRT-mips-linux-toolchain	Not an Arduino library	
https://github.com/MatthewPatyk/ADXL345-Arduino-I2C-library	Not an Arduino library	Atmel Studio project that would need significant changes to make work with the Arduino IDE and the owner seems to have no interest in Arduino IDE compatibility
https://github.com/MatthewPatyk/BMP085-Arduino-I2C-library	Not an Arduino library	Atmel Studio project that would need significant changes to make work with the Arduino IDE and the owner seems to have no interest in Arduino IDE compatibility
https://github.com/MatthewPatyk/HMC5883L-Arduino-I2C-library	Not an Arduino library	Atmel Studio project that would need significant changes to make work with the Arduino IDE and the owner seems to have no interest in Arduino IDE compatibility
https://github.com/MatthewPatyk/L3G4200D-Arduino-I2C-library	Not an Arduino library	Atmel Studio project that would need significant changes to make work with the Arduino IDE and the owner seems to have no interest in Arduino IDE compatibility
https://github.com/matthijskooijman/ArduinoUnix	Not an Arduino library	
https://github.com/Mattscheibe/ws2812b	Not an Arduino library	
https://github.com/mauriciojost/botino-arduino	Not a library	
https://github.com/maxpromer/lambda-library	Hardware package	
https://github.com/maxsonja/interactiveStairs	Sketch	
https://github.com/mcauser/D1_mini_Examples	Sketch	
https://github.com/mcauser/Grove-Ear-Clip-Heart-Rate-Sensor	Sketch	
https://github.com/mcauser/Grove-Flame-Sensor	Sketch	
https://github.com/mcauser/Grove-I2C-Color-Sensor	Sketch	
https://github.com/mcauser/Grove-I2C-FM-Receiver	Sketch	
https://github.com/mcauser/Grove-IR-Distance-Interrupter	Sketch	
https://github.com/mcauser/Grove-Moisture-Sensor	Sketch	
https://github.com/mcauser/VirtualWire	Copy	
https://github.com/mcrosson/arduino_ir_receiver	Not a library	
https://github.com/McTristan/Keypad-spark	Not an Arduino library	Particle library
https://github.com/mdvorak/TFT_HX8357	Unmaintained	Unmaintained fork: https://github.com/mdvorak/TFT_HX8357/pull/1#issuecomment-405282244
https://github.com/ME435/ArduinoLibraries_v01	Collection of library copies	
https://github.com/mechatrocity/greenOmatic	Not a library	
https://github.com/menan/SparkJson	Not an Arduino library	Particle library
https://github.com/MeteoStation/ModuleSamples	Sketch	
https://github.com/mich1342/D1RobotLCDKeypadShieldArduinoUno	Sketch	
https://github.com/MichaelBrunn3r/ArduinoSR	Low quality	Empty repo
https://github.com/MichaelGrupp/RoverProject	Sketchbook	
https://github.com/michaelsed777/ArduinoLCD	Sketch	
https://github.com/MicroTransactionsMatterToo/MidiKit	Not an Arduino library	
https://github.com/MightyPork/avr-lib	Not an Arduino library	
https://github.com/MihailPy/FlySkyUnoJoyArduino	Sketch	
https://github.com/mijgame/llib	Not an Arduino library	
https://github.com/mikeburg/FastLEDLinux	Unmaintained	Temporary repository
https://github.com/mikeipin/WeMos-D1-R2_Arduino-Library	Low quality	
https://github.com/mikethehammer53/arduinoplantmonitor	Sketch	
https://github.com/milkdudengr/My-Arduino	Collection of library copies	
https://github.com/mirrobozik/ArduinoEEPROM_read	Sketch	
https://github.com/mirrobozik/ArduinoEEPROM_write	Sketch	
https://github.com/mishaszu/ssd	Low quality	
https://github.com/mlabviet/smoothServo	Low quality	Unfinished
https://github.com/moddevices/cc-old-arduino-lib	Low quality	
https://github.com/MonaRobot/Mona-Arduino	Sketch	
https://github.com/Moongss/Practice_Arduino	Low quality	
https://github.com/Mortens4444/ArduinoProject	Sketch	
https://github.com/MPRlab/mbed_Pololu_DualMC33926_MotorShield	Not an Arduino library	
https://github.com/MrMarkscheider/Vesi-na-Q2-HX711-Arduino-Library-master	Low quality	
https://github.com/MuhmdHsn313/HC-SR04_Library	Low quality	
https://github.com/multiplemonomials/ArduinoCore-CMakeBuilder	Not a library	
https://github.com/MusicalCreeper01/MKR1000-TLC5940	Sketch	
https://github.com/mysensors/MySensorsArduinoExamples	Not a library	
https://github.com/n0st1l/Arduino-Library	Collection of library copies	
https://github.com/natsnyder1/Arduino-Home-brew-Library	Not an Arduino library	
https://github.com/naufalboys/Project_RFID_SD	Sketch	
https://github.com/naughtyStark/RC-CAR-DRIFT-ASSIST-SYSTEM/tree/master/drift_gyro	Sketch	
https://github.com/ncarrier/carino-packages-libarduino	Not an Arduino library	
https://github.com/NCTUDesignInformatics/IoT_Sigfox	Not a library	
https://github.com/NCTUDesignInformatics/Sigfox	Not a library	
https://github.com/ndeto/thc-arduino	Low quality	
https://github.com/ne0h/arduino-core	Not an Arduino library	
https://github.com/nemethakos/christmas_star	Not a library	
https://github.com/NemoReally/LCDemoCascadedDevices	Not a library	
https://github.com/neuroprod/omniBotProto	Not a library	
https://github.com/nevyn/NevynsArduino	Sketchbook	
https://github.com/NGaugeAntics/ArduinoDCC	Sketch	
https://github.com/nidegen/Sprinkler	Low quality	
https://github.com/nigelhoward/AlltheusNet485	Not an Arduino library	Particle library
https://github.com/Nikolichnik/reFlector	Sketch	
https://github.com/nivedipagar12/ResearchProject	Sketch	
https://github.com/nmattisson/HttpClient	Not an Arduino library	Particle library
https://github.com/nolbuzanis/Autonomous-Drone	Sketch	
https://github.com/NorthernWidget-Skunkworks/MCP47FEBxx	Sketch	
https://github.com/nrichart/libavrcpp	Not an Arduino library	
https://github.com/oFrusch/Pocket-Synth	Sketch	
https://github.com/ogghst/mysensors_sanmartino	Sketch	
https://github.com/olehs/MegaLight2	Not a library	
https://github.com/olikraus/u8glib	Problematic	There is a copy in correct Arduino format: https://github.com/olikraus/U8glib_Arduino
https://github.com/olikraus/ucglib	Problematic	There is a correctly formatted copy: https://github.com/olikraus/Ucglib_Arduino
https://github.com/omcaree/bbb-rc-switch	Not an Arduino library	
https://github.com/omnidan/AVRIRCCLI	Sketch	
https://github.com/omzlo/omzlo-one-arduino-package	Hardware package	
https://github.com/onchipuis/arduinoReady	Not an Arduino library	
https://github.com/Openhab-Nodes/wakaamaNode	Not an Arduino library	Only compatible with PlatformIO and no indication of a desire to add Arduino IDE support
https://github.com/OpenPLC/OpenPLC-libs	Not a library	
https://github.com/OpenQbo/qbo_arduino	Sketch	
https://github.com/OpenQbo/qbo_cereal_port	Not an Arduino library	
https://github.com/orcwarrior/arduino-4bucks--thermostat	Sketch	
https://github.com/orvio/DCCSpider	Sketch	
https://github.com/OSBSS/Thermistor_v2	Sketch	
https://github.com/oshwabadge2018/arduino-epaper-demo	Sketch	
https://github.com/otelconsulting/spark-usb-host	Not an Arduino library	Particle library
https://github.com/outofjungle/dark_lux_neopixel	Sketch	
https://github.com/owhite/Arduino-PID-control	Sketch	
https://github.com/Palakis/ST7565-RPi	Not an Arduino library	
https://github.com/paltrickontpb/Ceu-Arduino-MCP4725-Driver	Not an Arduino library	
https://github.com/panikrpi/arduino_cmake	Not an Arduino library	
https://github.com/pardeep0101/arduino_LineFollower	Not a library	
https://github.com/parloma/robotcontrol	Not a library	
https://github.com/PaskoMoto/Arduino_for_Daikin_Remote_Thermostat	Sketch	
https://github.com/patrickhirsh/LEDController	Sketch	
https://github.com/PawelBocian/Arduino-nRF24L01-Radio-Communication	Not a library	
https://github.com/pelallemant/robot-engine	Not an Arduino library	
https://github.com/per1234/inoliblist	Not a library	
https://github.com/PeterDHabermehl/ftduino_direct	Sketch	
https://github.com/philipkocanda/remote_transmitter	Not an Arduino library	
https://github.com/phsheth/RotEncoder	Low quality	
https://github.com/Physics295/Physics-Research	Collection of library copies	
https://github.com/PierreBresson/Arduino-I2C	Not a library	
https://github.com/pininho/Arduino_DHT_Library	Copy	Looks like just a copy of the Adafruit library
https://github.com/pininho/Arduino_HC-SR04_Library	Copy	Looks like just a copy
https://github.com/pkarsy/rfboot	Not a library	
https://github.com/pkourany/ArduCam_Library	Not an Arduino library	Particle library
https://github.com/pkourany/ArduinoJson	Not an Arduino library	Particle library
https://github.com/pkourany/ArduinoSerialCommand	Not an Arduino library	Particle library
https://github.com/pkourany/DMD_Library	Not an Arduino library	Particle library
https://github.com/pkourany/DMD2_Library	Not an Arduino library	Particle library
https://github.com/pkourany/I2CDEV_MPU6050	Not an Arduino library	Particle library
https://github.com/pkourany/SeeedRFID_IDE	Not an Arduino library	Particle library
https://github.com/pkourany/SoftPWM	Not an Arduino library	Particle library
https://github.com/pkourany/VisiGenie_Spark	Not an Arduino library	Particle library
https://github.com/PlasmaTrout/Beaglebone-CLIB	Not an Arduino library	
https://github.com/platenspeler/PI-arduino	Sketchbook	
https://github.com/pololu/l3g4200d-arduino	Unmaintained	Deprecated
https://github.com/pololu/lps331-arduino	Unmaintained	Deprecated
https://github.com/pololu/zumo-shield	Unmaintained	Deprecated
https://github.com/poo8537/MP3Shield	Collection of library copies	
https://github.com/Pranjalbond007/Line-Maze-Solver-Arduino	Sketch	
https://github.com/Preemadonna/MakerKit	Sketch	
https://github.com/prpplague/libarduino	Not a library	
https://github.com/pshirlyn/arduino-sensor-library	Sketchbook	
https://github.com/PTroester/IR_Media_Control	Sketch	
https://github.com/PunchThrough/bean-cloud-compiler-libraries	Collection of library copies	
https://github.com/pwensing/FEHArduino	Not an Arduino library	?
https://github.com/qollin/EEPROM	Copy	
https://github.com/QQOak/effective-spoon	Low quality	
https://github.com/r-craig73/arduino-ledstrip-fastled	Sketch	
https://github.com/radishlogic/Arduino-IDE-Class-Examples	Sketch	
https://github.com/rafaelmlourenco/ledCounter	Sketch	
https://github.com/rambo/i2c_sensor_lib	Unmaintained	Abandoned unfinished
https://github.com/rangedsp/ArduinoLibraryBlinky	Low quality	
https://github.com/RaulEusebio/TPM2013_NanoSound	Low quality	
https://github.com/rave1/vumeter	Not a library	
https://github.com/rdpanek/arduinoLibrary	Collection of library copies	
https://github.com/redforks/DHT22	Copy	
https://github.com/reeedstudio/Atom_Node_Libraries	Collection of library copies	
https://github.com/reeedstudio/libraries	Sketchbook	
https://github.com/reefangel/SparkCoreLibraries	Not an Arduino library	Particle library
https://github.com/riban-bw/ribanENC28J60	Not an Arduino library	
https://github.com/ribasco/new-liquidcrystal	Copy	
https://github.com/ricklon/HelloLibrary	Low quality	
https://github.com/rikkkurd/arduinoCodeShirt	Low quality	
https://github.com/rktrlng/arduino_cmake	Not an Arduino library	
https://github.com/rob-smallshire/i2c-master-avr	Not an Arduino library	
https://github.com/robbintt/Hyper_Glove_Arduino	Sketch	
https://github.com/Robin-vandenberg/SimpleWifiServerArduino	Sketch	
https://github.com/robo-corg/remoterie	Sketch	
https://github.com/robo-hamburger/remoterie	Sketch	
https://github.com/RoboJackets/stsl	Sketch	
https://github.com/robot-engine/tree/master/src	Not an Arduino library	
https://github.com/ROBOTIS-GIT/DynamixelSDK	Not a library	
https://github.com/RodneyWimberly/RoomExtender	Not a library	
https://github.com/RohanVDvivedi/Serial-Communication-setup	Sketch	
https://github.com/rookie/FrequencyTimer2	Unmaintained	Abandoned: https://github.com/rookie/FrequencyTimer2/pull/3#issuecomment-410058162
https://github.com/ropg/M5ez	Problematic	Example sketch system causes spurious multiple sketch error and I don't feel like trying to remember that on every run
https://github.com/ros-drivers/rosserial	Not an Arduino library	
https://github.com/Rosebotics/ArduinoLibraries_v1	Collection of library copies	
https://github.com/Rosebotics/rosebot-arduino-library	Sketch	
https://github.com/Roshankattel/WfifSwitch	Sketch	
https://github.com/roslovets/Arduino_w5500_Sumulink_Library	Not an Arduino library	
https://github.com/rrusch/Drive	Low quality	Empty repo
https://github.com/rrusch/Pin	Low quality	Empty repo
https://github.com/rsrehal/GPS_read	Sketch	
https://github.com/ryantm/LSM303DLH	Unmaintained	Deprecated
https://github.com/ryo1kato/picoshell	Not an Arduino library	
https://github.com/sahne/libarduino	Not a library	
https://github.com/sanfx/Installed-arduino-libraries	Collection of library copies	
https://github.com/sanyaade-teachings/chipkit-core	Hardware package	
https://github.com/saswatsamal/anticollider	Sketch	
https://github.com/Satchelboi/Arduino_Scribbles	Sketch	
https://github.com/satyamkr80/NodeMcu-WifiManager-and-ArduinoJson-Combined	Sketch	
https://github.com/sauve/motorsandwheels	Unmaintained	"WORK IN PROGRESS - NOT WORKING" and no activity in 4 years
https://github.com/Schweigert/UDESC	Not an Arduino library	I don't know what it is
https://github.com/scjurgen/jayduino	Collection of library copies	?
https://github.com/scls19fr/arduino_libraries_search	Not a library	
https://github.com/scohen/proton_pack	Sketch	
https://github.com/scott-rdl/Arduino-IR-remote-code	Sketch	
https://github.com/sdale28/Pololu-3pi-Library	Hardware package	
https://github.com/sdale28/Pololu-3pi-Library	Hardware package	
https://github.com/sebastiankliem/carrera-platooning	Sketch	
https://github.com/sebastianomelita/arduinoESP8266	Copy	
https://github.com/seimsel/Arduino-Due-DSP-Shield	Not an Arduino library	
https://github.com/sensestage/ssdn_minibee	Hardware package	
https://github.com/Serge78rus/libarduino	Not a library	
https://github.com/SFEelectronics/Arduino_Library	Collection of library copies	
https://github.com/shakiz/Arduino-Projects	Sketch	
https://github.com/shday/myarduino	Sketchbook	
https://github.com/shohei/arduino-bsp-library	Not an Arduino library	
https://github.com/shvelo/arduino-music	Sketch	
https://github.com/shwongsoohar/Adafruit_DHT_Library	Not an Arduino library	Particle library
https://github.com/sideridispas/SdR_Thesis	Not a library	
https://github.com/SIHTeam/ArduinoCode	Sketch	
https://github.com/SimoneS93/EloquentArduino	Low quality	
https://github.com/sketchpink/RFID	Low quality	
https://github.com/skylli/Wilddog_Arduino_Yun	Not an Arduino library	
https://github.com/snackk/Arduino_BSmartCar	Sketch	
https://github.com/snackk/Arduino_IRSmartCar	Sketch	
https://github.com/Sodakang/Low-Layer-Library-Stm32Arduino-For-Keil	Not a library	
https://github.com/solaremperor/PeerSecure	Low quality	
https://github.com/somhi/ESP8266	Collection of library copies	
https://github.com/soniap/Ai_8266_Demos	Sketch	
https://github.com/Soyokaze-42/RGB_MAL	Sketch	
https://github.com/sp5rfd/openduino	Not an Arduino library	
https://github.com/sparkfun/ColorLCDShield	Unmaintained	Archived
https://github.com/sparkfun/SparkFun_WiFly_Shield_Arduino_Library	Problematic	Product retired years ago so probably not worth working on the library
https://github.com/SpenceKonde/arduino-tiny-841	Unmaintained	
https://github.com/spflynn/WiiMusic	Sketch	
https://github.com/sports31415/rf24-hive	Not a library	
https://github.com/SquadCollaborativeRobotics/ArduinoCode	Not a library	
https://github.com/sraboy/tankbot	Sketch	
https://github.com/SrMouraSilva/ZoomMIDIController	Not an Arduino library	
https://github.com/SterlingPeet/OpenServo	Unmaintained	Inactive: https://github.com/SterlingPeet/OpenServo/pull/1#issuecomment-405372648
https://github.com/stevanov/RAK811-Arduino	Sketch	
https://github.com/StevensLabs/arduino-library-master	Collection of library copies	
https://github.com/Sthing/Nick-Gammon-RS485	Not an Arduino library	
https://github.com/Subh1m/Arduino-Library-Files	Collection of library copies	
https://github.com/suculent/thinx-firmware-esp32-ino	Not a library	
https://github.com/sugarsweetrobotics/RTnoProxy	Not an Arduino library	?
https://github.com/suleymaneskil/waveshare_10_DOF_IMU	Sketch	
https://github.com/swapii/ArduinoLib_NewLiquidCrystal	Copy	Mirror
https://github.com/SwarmDrones/SwarmArduinoDependecies	Collection of library copies	
https://github.com/sweehua/niosduino	Hardware package	
https://github.com/switchdoclabs/Arduino-WeatherPiArduino	Not a library	
https://github.com/switchdoclabs/SDL_Arduino_WeatherPiArduinoV2	Sketch	
https://github.com/swornim00/Arducom	Not an Arduino library	?
https://github.com/synap5e/ArduinoW5100	Not an Arduino library	
https://github.com/synman/CANBus-Triple_Genesis-Connect	Hardware package	
https://github.com/systronix/Patches	Not a library	
https://github.com/takyrajdr/ArduinoSerialLib	Not an Arduino library	
https://github.com/TannerElectronics/ArduinoStarterKit	Collection of library copies	
https://github.com/tarcisiofischer/Sbrubbles	Low quality	
https://github.com/Tarcontar/ArduinoSamples	Sketch	
https://github.com/Team254/Arduinex	Hardware package	
https://github.com/team3997/LIGHTS-2018	Sketch	
https://github.com/teamiotahu/library_arduino	Collection of library copies	
https://github.com/technobly/SparkCore-SD	Not an Arduino library	Particle library
https://github.com/tedtran6/Arduino-Tests	Sketch	
https://github.com/tehniq3/u8glib_ST7290_clock	Sketch	
https://github.com/TGC-TECH/Arduino-Class	Not a library	
https://github.com/thecxhacker/Mitsubishi_AC_IR_Research	Not a library	
https://github.com/theiothing/ITEADLIB_Arduino_Nextion	Low quality	
https://github.com/themadsens/arduino-demo	Not a library	
https://github.com/theolind/mahm3lib	Not an Arduino library	
https://github.com/thewenneur/esp32-1	Low quality	
https://github.com/thijse/Arduino-Code-and-Libraries	Sketch	?
https://github.com/thijse/Lightuino-Code-and-Libraries	Collection of library copies	?
https://github.com/ThingType/DW1000_geofencing_system	Sketch	
https://github.com/thor73/arduino-turnout	Sketch	
https://github.com/thoughtfulonion/arduino-sketchbook	Sketchbook	
https://github.com/thunderace/NUCLEO-F401RE-W5100-ioLibrary_Driver	Not an Arduino library	
https://github.com/timchiii/arduinoWs28114thOfJulyNeclace	Sketch	
https://github.com/timetraveler1828/Arduino-RF-2WAY-COMM	Sketch	
https://github.com/timonorawski/RCPPMJoystick	Sketch	
https://github.com/tipih/Arduino_sleep_HC12Radio	Sketch	
https://github.com/tlewiscpp/arduinopc	Sketch	
https://github.com/tlewiscpp/QArduino	Not an Arduino library	
https://github.com/tloki/ArduinoRPMeter	Sketch	
https://github.com/tobozo/M5Stack-ESP12-Shield	Not a library	?
https://github.com/tolgayilmaz86/WiringPi	Not an Arduino library	
https://github.com/tomhepworth/pi-arduino-I2C	Sketch	
https://github.com/TommyX12/Arduino-LED-matrix-display	Low quality	
https://github.com/Trenz-Electronic/Arduino-Vivado-SDK	Not an Arduino library	
https://github.com/trevorhobson/lora-feather32	Sketch	
https://github.com/triatebr/aprenda-arduino	Not a library	
https://github.com/truffio/RotationResistPID	Sketch	
https://github.com/tsnowak/9DOF_IMU_Adafruit_L3GD20-LSM303D	Sketch	
https://github.com/tuupola/triple-a	Not an Arduino library	
https://github.com/tzapu/WiFiManager	Problematic	Won't merge a legitimate, obvious, non-controversial PR: https://github.com/tzapu/WiFiManager/pull/413
https://github.com/ultimachine/FeynmanCore	Hardware package	
https://github.com/UMDBPP/Balloonduino	Unmaintained	Development on hold: https://github.com/UMDBPP/Balloonduino/pull/29#issuecomment-421034279
https://github.com/Unchapped/TinyPubSub	Low quality	
https://github.com/unforgiven512/IRRemote	Not an Arduino library	Particle library
https://github.com/unixunion/arduino-tvout	Collection of library copies	
https://github.com/usemodj/KMAWeatherJSON	Not a library	
https://github.com/usupsuparma/libraries-arduino	Collection of library copies	
https://github.com/ut-ras/ESP8266_Arduino_Examples	Sketch	
https://github.com/UW-Aquaponics/aquaponics-sensors-arduino	Low quality	
https://github.com/uzplaza/https-github.com-monkeyboard-Wiegand-Protocol-Library-for-Arduino	Copy	Outdated copy of https://github.com/monkeyboard/Wiegand-Protocol-Library-for-Arduino
https://github.com/VarshaRagavendran/Home_Thermal_Management	Not a library	
https://github.com/vegos/arduino-revisitato	Collection of library copies	
https://github.com/Victor-Barcelo/pi-arduino-timesync	Sketch	
https://github.com/virtorgan/Virtorgan_keyboard-pro_micro	Sketch	
https://github.com/vitiral/cfd_arduino_software	Not a library	
https://github.com/VSChina/devkit-sdk-core-lib	Not an Arduino library	
https://github.com/vuhuykhoi/MiniArmEmbedded	Sketch	
https://github.com/vusivus/Nextion-C-Library	Not an Arduino library	
https://github.com/vyruz1986/ESPAsyncWebServer-ArduinoJson-Crash	Sketch	
https://github.com/W84TheSun/leap_arduino_libs	Collection of library copies	
https://github.com/wahidshafique/Arduino_LCD_Test	Sketch	
https://github.com/WalderlanSena/arduinolibraries	Collection of library copies	
https://github.com/WalderlanSena/LcdKeypad	Low quality	
https://github.com/Waschnick/ArduinoLedTimerWithNeoPixel	Sketch	
https://github.com/watterott/MI0283QT-Adapter	Not a library	
https://github.com/wdblair/avr-libats	Not an Arduino library	
https://github.com/webworxshop/arduino_time_libraries	Collection of library copies	
https://github.com/WeisTekEng/ArduinoLibraryCollection	Collection of library copies	
https://github.com/wesleytian/thermostat-pro-library	Hardware package	
https://github.com/wheeler-microfluidics/arduino-servo	Copy	
https://github.com/widestreid/Neopixel-Beatsync-Project	Sketch	
https://github.com/WilkoV/Arduino_AtmelPackLibrary	Not a library	
https://github.com/willdickson/basic_led_strip	Sketch	
https://github.com/williamg42/BNO055-Linux-Library	Not an Arduino library	
https://github.com/WilliamNorth/IRremoteTools	Sketch	
https://github.com/WiringPi/WiringPi-Ruby-Legacy	Not an Arduino library	
https://github.com/Wiznet/Arduino_WizFi250	Unmaintained	Obsolete: https://github.com/Wiznet/Arduino_WizFi250/pull/1#issuecomment-403998804
https://github.com/wlanowski/wetterstation	Not a library	
https://github.com/wolfmanjm/GSL1680	Sketch	
https://github.com/wyattjoh/I2C_Devices	Not an Arduino library	
https://github.com/xbed/SMeshStudio_Core	Not an Arduino library	
https://github.com/xn4p4lm/EthernetControlledNeopixels	Not a library	
https://github.com/xunker/mruby_arduino_due_example	Sketch	
https://github.com/xxzl0130/Some-Useful-Library-For-Arduion-Car	Low quality	
https://github.com/yaacov/ArduinoModbusESP	Not a library	
https://github.com/yjlintw/SerialIMU	Sketch	
https://github.com/yoshidaken1/Libraries0023Android	Low quality	
https://github.com/YruamaLairba/VGAX_pong	Sketch	
https://github.com/Zappes/avr-SleepingSensors	Not a library	
https://github.com/zbx-sadman/zabbuino	Not a library	
https://github.com/zenozeng/yapcduino.js	Not an Arduino library	
https://github.com/zerc/arduino	Not a library	
https://github.com/zhiyuanwu/SerialDisplay	Sketch	
https://github.com/Zindre17/Leds	Sketch	
https://github.com/ZoetropeLabs/AS5048A-Arduino	Unmaintained	Abandoned
https://github.com/zookzook/SDCardReader	Sketch	
https://github.com/zxpower/ESP8266EEPROMDump	Not a library	
